Signature,Substitution_Type,JSD,p_value,Null_N,Count_Leq,q_value,Pass_FDR,Rank
SBS87,C>A,0.06690023,0.00836000,1000000,8360,0.41558104,False,1.00000000
SBS39,C>A,0.10792619,0.05040100,1000000,50401,0.41558104,False,2.00000000
SBS4,C>A,0.11677649,0.06594800,1000000,65948,0.41705139,False,3.00000000
SBS37,C>A,0.13066254,0.09595900,1000000,95959,0.47746729,False,4.00000000
SBS89,C>A,0.13388468,0.10383600,1000000,103836,0.47855314,False,5.00000000
SBS98,C>A,0.13390155,0.10387200,1000000,103872,0.47855314,False,6.00000000
SBS92,C>A,0.14195942,0.12514900,1000000,125149,0.52065638,False,7.00000000
SBS38,C>A,0.15422676,0.16162100,1000000,161621,0.56097800,False,8.00000000
SBS97,C>A,0.15485558,0.16357900,1000000,163579,0.56097800,False,9.00000000
SBS5,C>A,0.15538133,0.16525800,1000000,165258,0.56097800,False,10.00000000
SBS12,C>A,0.16485423,0.19672300,1000000,196723,0.59317200,False,11.00000000
SBS22b,C>A,0.16582091,0.20009900,1000000,200099,0.59339703,False,12.00000000
SBS3,C>A,0.16880606,0.21063200,1000000,210632,0.60923065,False,13.00000000
SBS19,C>A,0.17404151,0.22958100,1000000,229581,0.61729825,False,14.00000000
SBS6,C>A,0.17645938,0.23848900,1000000,238489,0.62467170,False,15.00000000
SBS26,C>A,0.18350453,0.26511600,1000000,265116,0.66407697,False,16.00000000
SBS24,C>A,0.18433131,0.26829200,1000000,268292,0.66463516,False,17.00000000
SBS32,C>A,0.19052326,0.29240800,1000000,292408,0.69140761,False,18.00000000
SBS30,C>A,0.19216466,0.29880600,1000000,298806,0.69140761,False,19.00000000
SBS40a,C>A,0.19412906,0.30669800,1000000,306698,0.70200230,False,20.00000000
SBS93,C>A,0.19654041,0.31620100,1000000,316201,0.70226050,False,21.00000000
SBS94,C>A,0.20512456,0.35125000,1000000,351250,0.74894628,False,22.00000000
SBS29,C>A,0.20643632,0.35662700,1000000,356627,0.75058781,False,23.00000000
SBS96,C>A,0.21490406,0.39140100,1000000,391401,0.78891764,False,24.00000000
SBS40c,C>A,0.21723331,0.40107900,1000000,401079,0.80215800,False,25.00000000
SBS31,C>A,0.22105826,0.41684500,1000000,416845,0.81784038,False,26.00000000
SBS53,C>A,0.22772993,0.44407400,1000000,444074,0.83782016,False,27.00000000
SBS46,C>A,0.22792749,0.44488900,1000000,444889,0.83782016,False,28.00000000
SBS8,C>A,0.22848687,0.44720600,1000000,447206,0.83912108,False,29.00000000
SBS7c,C>A,0.23037343,0.45508200,1000000,455082,0.84177910,False,30.00000000
SBS22a,C>A,0.23229429,0.46280800,1000000,462808,0.84701400,False,31.00000000
SBS16,C>A,0.23359703,0.46811500,1000000,468115,0.85051880,False,32.00000000
SBS7b,C>A,0.23694929,0.48173000,1000000,481730,0.87218484,False,33.00000000
SBS25,C>A,0.24240983,0.50367400,1000000,503674,0.90241592,False,34.00000000
SBS90,C>A,0.24728179,0.52314500,1000000,523145,0.91506041,False,35.00000000
SBS55,C>A,0.24796417,0.52592700,1000000,525927,0.91681869,False,36.00000000
SBS54,C>A,0.25044790,0.53580900,1000000,535809,0.92565943,False,37.00000000
SBS95,C>A,0.25150651,0.53996800,1000000,539968,0.92565943,False,38.00000000
SBS40b,C>A,0.26452641,0.58968600,1000000,589686,0.97117097,False,39.00000000
SBS45,C>A,0.27965771,0.64425400,1000000,644254,1.00000000,False,40.00000000
SBS1,C>A,0.28069405,0.64775700,1000000,647757,1.00000000,False,41.00000000
SBS60,C>A,0.28180959,0.65157200,1000000,651572,1.00000000,False,42.00000000
SBS58,C>A,0.28643987,0.66753400,1000000,667534,1.00000000,False,43.00000000
SBS57,C>A,0.28783633,0.67207000,1000000,672070,1.00000000,False,44.00000000
SBS27,C>A,0.28799770,0.67257000,1000000,672570,1.00000000,False,45.00000000
SBS35,C>A,0.28803794,0.67269900,1000000,672699,1.00000000,False,46.00000000
SBS85,C>A,0.28886809,0.67534900,1000000,675349,1.00000000,False,47.00000000
SBS11,C>A,0.29140626,0.68377700,1000000,683777,1.00000000,False,48.00000000
SBS41,C>A,0.29915793,0.70839300,1000000,708393,1.00000000,False,49.00000000
SBS34,C>A,0.30122793,0.71494200,1000000,714942,1.00000000,False,50.00000000
SBS18,C>A,0.30793128,0.73475900,1000000,734759,1.00000000,False,51.00000000
SBS47,C>A,0.31404449,0.75239300,1000000,752393,1.00000000,False,52.00000000
SBS51,C>A,0.31643576,0.75888500,1000000,758885,1.00000000,False,53.00000000
SBS20,C>A,0.31918459,0.76628900,1000000,766289,1.00000000,False,54.00000000
SBS86,C>A,0.32186154,0.77334600,1000000,773346,1.00000000,False,55.00000000
SBS33,C>A,0.32790983,0.78891900,1000000,788919,1.00000000,False,56.00000000
SBS50,C>A,0.33267350,0.80067100,1000000,800671,1.00000000,False,57.00000000
SBS43,C>A,0.33619115,0.80890600,1000000,808906,1.00000000,False,58.00000000
SBS23,C>A,0.35485658,0.84893800,1000000,848938,1.00000000,False,59.00000000
SBS49,C>A,0.35709782,0.85330900,1000000,853309,1.00000000,False,60.00000000
SBS7a,C>A,0.35782139,0.85466000,1000000,854660,1.00000000,False,61.00000000
SBS17a,C>A,0.36101202,0.86053200,1000000,860532,1.00000000,False,62.00000000
SBS42,C>A,0.37055046,0.87739600,1000000,877396,1.00000000,False,63.00000000
SBS10b,C>A,0.39120810,0.90857900,1000000,908579,1.00000000,False,64.00000000
SBS36,C>A,0.39519466,0.91382800,1000000,913828,1.00000000,False,65.00000000
SBS17b,C>A,0.40166158,0.92174300,1000000,921743,1.00000000,False,66.00000000
SBS21,C>A,0.40888777,0.93009200,1000000,930092,1.00000000,False,67.00000000
SBS10c,C>A,0.41609007,0.93762500,1000000,937625,1.00000000,False,68.00000000
SBS84,C>A,0.42813240,0.94868900,1000000,948689,1.00000000,False,69.00000000
SBS9,C>A,0.43980589,0.95780600,1000000,957806,1.00000000,False,70.00000000
SBS2,C>A,0.45101641,0.96525200,1000000,965252,1.00000000,False,71.00000000
SBS44,C>A,0.51334480,0.99002400,1000000,990024,1.00000000,False,72.00000000
SBS28,C>A,0.56110649,0.99687200,1000000,996872,1.00000000,False,73.00000000
SBS7d,C>A,0.56407026,0.99713800,1000000,997138,1.00000000,False,74.00000000
SBS15,C>A,0.57698350,0.99803300,1000000,998033,1.00000000,False,75.00000000
SBS14,C>A,0.58422039,0.99840900,1000000,998409,1.00000000,False,76.00000000
SBS56,C>A,0.58926677,0.99862600,1000000,998626,1.00000000,False,77.00000000
SBS52,C>A,0.59088094,0.99869900,1000000,998699,1.00000000,False,78.00000000
SBS10d,C>A,0.59296054,0.99878900,1000000,998789,1.00000000,False,79.00000000
SBS88,C>A,0.61591039,0.99939600,1000000,999396,1.00000000,False,80.00000000
SBS10a,C>A,0.62603045,0.99956200,1000000,999562,1.00000000,False,81.00000000
SBS13,C>A,0.63371295,0.99965500,1000000,999655,1.00000000,False,82.00000000
SBS91,C>A,0.64663802,0.99978000,1000000,999780,1.00000000,False,83.00000000
SBS48,C>A,0.67495453,0.99992700,1000000,999927,1.00000000,False,84.00000000
SBS59,C>A,0.71107930,0.99998800,1000000,999988,1.00000000,False,85.00000000
SBS99,C>A,0.78681713,1.00000000,1000000,1000000,1.00000000,False,86.00000000
SBS49,C>G,0.05763993,0.00449900,1000000,4499,0.41558104,False,1.00000000
SBS53,C>G,0.09370274,0.03040900,1000000,30409,0.41558104,False,2.00000000
SBS60,C>G,0.09833324,0.03613500,1000000,36135,0.41558104,False,3.00000000
SBS7a,C>G,0.09927771,0.03740900,1000000,37409,0.41558104,False,4.00000000
SBS51,C>G,0.10056247,0.03914600,1000000,39146,0.41558104,False,5.00000000
SBS31,C>G,0.10490330,0.04555300,1000000,45553,0.41558104,False,6.00000000
SBS91,C>G,0.10614621,0.04750600,1000000,47506,0.41558104,False,7.00000000
SBS32,C>G,0.10766303,0.04994400,1000000,49944,0.41558104,False,8.00000000
SBS18,C>G,0.10921607,0.05250600,1000000,52506,0.41558104,False,9.00000000
SBS4,C>G,0.12093948,0.07418900,1000000,74189,0.41705139,False,10.00000000
SBS40c,C>G,0.13710993,0.11214900,1000000,112149,0.49460585,False,11.00000000
SBS57,C>G,0.14228934,0.12607300,1000000,126073,0.52065638,False,12.00000000
SBS96,C>G,0.14739025,0.14071600,1000000,140716,0.54739632,False,13.00000000
SBS29,C>G,0.15124899,0.15230200,1000000,152302,0.56097800,False,14.00000000
SBS38,C>G,0.15213139,0.15493100,1000000,154931,0.56097800,False,15.00000000
SBS52,C>G,0.15353101,0.15935400,1000000,159354,0.56097800,False,16.00000000
SBS39,C>G,0.15770841,0.17263800,1000000,172638,0.56739623,False,17.00000000
SBS30,C>G,0.15843162,0.17498500,1000000,174985,0.57108219,False,18.00000000
SBS59,C>G,0.16624695,0.20158100,1000000,201581,0.59437598,False,19.00000000
SBS97,C>G,0.16966982,0.21370300,1000000,213703,0.60923065,False,20.00000000
SBS89,C>G,0.17319827,0.22653700,1000000,226537,0.61729825,False,21.00000000
SBS10c,C>G,0.17470327,0.23208500,1000000,232085,0.61729825,False,22.00000000
SBS95,C>G,0.17537842,0.23451400,1000000,234514,0.61739400,False,23.00000000
SBS5,C>G,0.17720093,0.24123100,1000000,241231,0.62755453,False,24.00000000
SBS24,C>G,0.18148671,0.25749100,1000000,257491,0.64812369,False,25.00000000
SBS45,C>G,0.18605450,0.27489000,1000000,274890,0.67475192,False,26.00000000
SBS19,C>G,0.19126022,0.29521900,1000000,295219,0.69140761,False,27.00000000
SBS94,C>G,0.19433880,0.30752100,1000000,307521,0.70200230,False,28.00000000
SBS87,C>G,0.19569731,0.31290800,1000000,312908,0.70200230,False,29.00000000
SBS40a,C>G,0.19971390,0.32894100,1000000,328941,0.71858334,False,30.00000000
SBS22b,C>G,0.20365999,0.34523300,1000000,345233,0.74141706,False,31.00000000
SBS7b,C>G,0.20592897,0.35457100,1000000,354571,0.75058781,False,32.00000000
SBS1,C>G,0.20698975,0.35886600,1000000,358866,0.75058781,False,33.00000000
SBS58,C>G,0.21439378,0.38930800,1000000,389308,0.78777619,False,34.00000000
SBS7d,C>G,0.22045778,0.41435400,1000000,414354,0.81605597,False,35.00000000
SBS12,C>G,0.22176572,0.41970700,1000000,419707,0.82033641,False,36.00000000
SBS36,C>G,0.22352868,0.42679400,1000000,426794,0.82791618,False,37.00000000
SBS6,C>G,0.22606175,0.43717900,1000000,437179,0.83782016,False,38.00000000
SBS98,C>G,0.22735344,0.44249100,1000000,442491,0.83782016,False,39.00000000
SBS37,C>G,0.23212015,0.46210800,1000000,462108,0.84701400,False,40.00000000
SBS47,C>G,0.23298643,0.46557300,1000000,465573,0.84888929,False,41.00000000
SBS56,C>G,0.24147805,0.49995800,1000000,499958,0.89887919,False,42.00000000
SBS48,C>G,0.25532680,0.55480200,1000000,554802,0.94793984,False,43.00000000
SBS3,C>G,0.25938435,0.57037100,1000000,570371,0.96293525,False,44.00000000
SBS86,C>G,0.25950614,0.57082200,1000000,570822,0.96293525,False,45.00000000
SBS40b,C>G,0.26188271,0.57991200,1000000,579912,0.96894147,False,46.00000000
SBS93,C>G,0.26351897,0.58605700,1000000,586057,0.97077627,False,47.00000000
SBS9,C>G,0.26841789,0.60419200,1000000,604192,0.98659200,False,48.00000000
SBS10d,C>G,0.27134966,0.61477700,1000000,614777,1.00000000,False,49.00000000
SBS11,C>G,0.27745820,0.63648400,1000000,636484,1.00000000,False,50.00000000
SBS16,C>G,0.28080166,0.64811100,1000000,648111,1.00000000,False,51.00000000
SBS25,C>G,0.28556281,0.66445900,1000000,664459,1.00000000,False,52.00000000
SBS2,C>G,0.29913140,0.70831700,1000000,708317,1.00000000,False,53.00000000
SBS20,C>G,0.30073276,0.71334700,1000000,713347,1.00000000,False,54.00000000
SBS28,C>G,0.30476613,0.72546300,1000000,725463,1.00000000,False,55.00000000
SBS26,C>G,0.30684766,0.73158900,1000000,731589,1.00000000,False,56.00000000
SBS22a,C>G,0.30740335,0.73320300,1000000,733203,1.00000000,False,57.00000000
SBS90,C>G,0.30810746,0.73530500,1000000,735305,1.00000000,False,58.00000000
SBS8,C>G,0.31146952,0.74507800,1000000,745078,1.00000000,False,59.00000000
SBS35,C>G,0.31424789,0.75295700,1000000,752957,1.00000000,False,60.00000000
SBS85,C>G,0.32035252,0.76942300,1000000,769423,1.00000000,False,61.00000000
SBS41,C>G,0.32654737,0.78550400,1000000,785504,1.00000000,False,62.00000000
SBS46,C>G,0.33509984,0.80635300,1000000,806353,1.00000000,False,63.00000000
SBS27,C>G,0.33528017,0.80675700,1000000,806757,1.00000000,False,64.00000000
SBS17a,C>G,0.33700087,0.81075800,1000000,810758,1.00000000,False,65.00000000
SBS55,C>G,0.33815988,0.81349400,1000000,813494,1.00000000,False,66.00000000
SBS42,C>G,0.34133430,0.82061500,1000000,820615,1.00000000,False,67.00000000
SBS92,C>G,0.35037294,0.83985000,1000000,839850,1.00000000,False,68.00000000
SBS54,C>G,0.35343556,0.84612300,1000000,846123,1.00000000,False,69.00000000
SBS7c,C>G,0.35763088,0.85431000,1000000,854310,1.00000000,False,70.00000000
SBS34,C>G,0.36182349,0.86210100,1000000,862101,1.00000000,False,71.00000000
SBS10b,C>G,0.39366842,0.91187600,1000000,911876,1.00000000,False,72.00000000
SBS15,C>G,0.39582045,0.91463500,1000000,914635,1.00000000,False,73.00000000
SBS17b,C>G,0.40896777,0.93018200,1000000,930182,1.00000000,False,74.00000000
SBS14,C>G,0.40986541,0.93119300,1000000,931193,1.00000000,False,75.00000000
SBS21,C>G,0.41693178,0.93843900,1000000,938439,1.00000000,False,76.00000000
SBS33,C>G,0.43073156,0.95088600,1000000,950886,1.00000000,False,77.00000000
SBS44,C>G,0.44191448,0.95924200,1000000,959242,1.00000000,False,78.00000000
SBS43,C>G,0.47056070,0.97585100,1000000,975851,1.00000000,False,79.00000000
SBS50,C>G,0.47728620,0.97877000,1000000,978770,1.00000000,False,80.00000000
SBS99,C>G,0.51521689,0.99041200,1000000,990412,1.00000000,False,81.00000000
SBS10a,C>G,0.51825410,0.99107100,1000000,991071,1.00000000,False,82.00000000
SBS84,C>G,0.58329054,0.99837000,1000000,998370,1.00000000,False,83.00000000
SBS23,C>G,0.62595761,0.99956100,1000000,999561,1.00000000,False,84.00000000
SBS88,C>G,0.63189558,0.99964100,1000000,999641,1.00000000,False,85.00000000
SBS13,C>G,0.68268685,0.99995100,1000000,999951,1.00000000,False,86.00000000
SBS60,C>T,0.05074996,0.00264400,1000000,2644,0.41558104,False,1.00000000
SBS17b,C>T,0.06396459,0.00699000,1000000,6990,0.41558104,False,2.00000000
SBS57,C>T,0.06503498,0.00746900,1000000,7469,0.41558104,False,3.00000000
SBS52,C>T,0.06758745,0.00872700,1000000,8727,0.41558104,False,4.00000000
SBS25,C>T,0.07942872,0.01644700,1000000,16447,0.41558104,False,5.00000000
SBS51,C>T,0.08014125,0.01699100,1000000,16991,0.41558104,False,6.00000000
SBS94,C>T,0.08316751,0.01954100,1000000,19541,0.41558104,False,7.00000000
SBS49,C>T,0.08465236,0.02081900,1000000,20819,0.41558104,False,8.00000000
SBS31,C>T,0.08789972,0.02403800,1000000,24038,0.41558104,False,9.00000000
SBS37,C>T,0.09625993,0.03348800,1000000,33488,0.41558104,False,10.00000000
SBS93,C>T,0.09915918,0.03726900,1000000,37269,0.41558104,False,11.00000000
SBS10c,C>T,0.10256773,0.04194200,1000000,41942,0.41558104,False,12.00000000
SBS18,C>T,0.10620278,0.04759400,1000000,47594,0.41558104,False,13.00000000
SBS58,C>T,0.11334751,0.05954900,1000000,59549,0.41558104,False,14.00000000
SBS92,C>T,0.11458702,0.06178700,1000000,61787,0.41558104,False,15.00000000
SBS9,C>T,0.11613764,0.06475800,1000000,64758,0.41705139,False,16.00000000
SBS53,C>T,0.11956636,0.07136400,1000000,71364,0.41705139,False,17.00000000
SBS36,C>T,0.12038495,0.07301200,1000000,73012,0.41705139,False,18.00000000
SBS26,C>T,0.12233383,0.07710100,1000000,77101,0.42323528,False,19.00000000
SBS96,C>T,0.12540780,0.08387600,1000000,83876,0.45557912,False,20.00000000
SBS6,C>T,0.12684216,0.08706000,1000000,87060,0.45931224,False,21.00000000
SBS38,C>T,0.12742821,0.08843100,1000000,88431,0.45931224,False,22.00000000
SBS39,C>T,0.12743915,0.08845200,1000000,88452,0.45931224,False,23.00000000
SBS5,C>T,0.12835433,0.09053400,1000000,90534,0.46253014,False,24.00000000
SBS45,C>T,0.13256691,0.10058100,1000000,100581,0.47746729,False,25.00000000
SBS4,C>T,0.13286884,0.10132300,1000000,101323,0.47746729,False,26.00000000
SBS46,C>T,0.13493978,0.10643900,1000000,106439,0.48496305,False,27.00000000
SBS56,C>T,0.13757184,0.11334800,1000000,113348,0.49480497,False,28.00000000
SBS41,C>T,0.13993788,0.11961600,1000000,119616,0.51009798,False,29.00000000
SBS95,C>T,0.14534873,0.13468400,1000000,134684,0.54489600,False,30.00000000
SBS86,C>T,0.14629274,0.13740300,1000000,137403,0.54489600,False,31.00000000
SBS20,C>T,0.14659881,0.13833600,1000000,138336,0.54489600,False,32.00000000
SBS27,C>T,0.15410433,0.16124600,1000000,161246,0.56097800,False,33.00000000
SBS14,C>T,0.15453949,0.16261700,1000000,162617,0.56097800,False,34.00000000
SBS22b,C>T,0.15479529,0.16338200,1000000,163382,0.56097800,False,35.00000000
SBS40c,C>T,0.15677287,0.16959800,1000000,169598,0.56097800,False,36.00000000
SBS59,C>T,0.16941284,0.21276400,1000000,212764,0.60923065,False,37.00000000
SBS30,C>T,0.17124661,0.21941400,1000000,219414,0.61729825,False,38.00000000
SBS89,C>T,0.17386945,0.22893000,1000000,228930,0.61729825,False,39.00000000
SBS33,C>T,0.17452248,0.23139600,1000000,231396,0.61729825,False,40.00000000
SBS48,C>T,0.17521511,0.23392000,1000000,233920,0.61739400,False,41.00000000
SBS28,C>T,0.18631590,0.27591600,1000000,275916,0.67475192,False,42.00000000
SBS40a,C>T,0.19042576,0.29205100,1000000,292051,0.69140761,False,43.00000000
SBS32,C>T,0.19096896,0.29414700,1000000,294147,0.69140761,False,44.00000000
SBS29,C>T,0.19140844,0.29583300,1000000,295833,0.69140761,False,45.00000000
SBS34,C>T,0.19479381,0.30928900,1000000,309289,0.70200230,False,46.00000000
SBS17a,C>T,0.19545611,0.31190700,1000000,311907,0.70200230,False,47.00000000
SBS3,C>T,0.19556741,0.31238300,1000000,312383,0.70200230,False,48.00000000
SBS22a,C>T,0.20928166,0.36826700,1000000,368267,0.76315571,False,49.00000000
SBS40b,C>T,0.21369843,0.38646200,1000000,386462,0.78777619,False,50.00000000
SBS35,C>T,0.24081134,0.49729900,1000000,497299,0.89722477,False,51.00000000
SBS21,C>T,0.24419068,0.51079900,1000000,510799,0.90312900,False,52.00000000
SBS10d,C>T,0.24525396,0.51508300,1000000,515083,0.90710863,False,53.00000000
SBS24,C>T,0.24691793,0.52174000,1000000,521740,0.91506041,False,54.00000000
SBS87,C>T,0.26020148,0.57347800,1000000,573478,0.96389136,False,55.00000000
SBS23,C>T,0.26214186,0.58086200,1000000,580862,0.96894147,False,56.00000000
SBS55,C>T,0.26376694,0.58698100,1000000,586981,0.97077627,False,57.00000000
SBS16,C>T,0.27192874,0.61683800,1000000,616838,1.00000000,False,58.00000000
SBS98,C>T,0.27423197,0.62506600,1000000,625066,1.00000000,False,59.00000000
SBS44,C>T,0.27809796,0.63873700,1000000,638737,1.00000000,False,60.00000000
SBS8,C>T,0.27984491,0.64488100,1000000,644881,1.00000000,False,61.00000000
SBS90,C>T,0.28307366,0.65594800,1000000,655948,1.00000000,False,62.00000000
SBS97,C>T,0.28410729,0.65946600,1000000,659466,1.00000000,False,63.00000000
SBS13,C>T,0.28672097,0.66843300,1000000,668433,1.00000000,False,64.00000000
SBS1,C>T,0.29660883,0.70038400,1000000,700384,1.00000000,False,65.00000000
SBS7c,C>T,0.29751570,0.70329900,1000000,703299,1.00000000,False,66.00000000
SBS47,C>T,0.30636430,0.73018800,1000000,730188,1.00000000,False,67.00000000
SBS12,C>T,0.30734712,0.73302600,1000000,733026,1.00000000,False,68.00000000
SBS15,C>T,0.30739282,0.73316500,1000000,733165,1.00000000,False,69.00000000
SBS11,C>T,0.32830154,0.78989000,1000000,789890,1.00000000,False,70.00000000
SBS19,C>T,0.34185789,0.82179200,1000000,821792,1.00000000,False,71.00000000
SBS42,C>T,0.34673152,0.83225100,1000000,832251,1.00000000,False,72.00000000
SBS85,C>T,0.35549869,0.85018700,1000000,850187,1.00000000,False,73.00000000
SBS88,C>T,0.35981563,0.85835200,1000000,858352,1.00000000,False,74.00000000
SBS54,C>T,0.37375642,0.88270800,1000000,882708,1.00000000,False,75.00000000
SBS50,C>T,0.37934816,0.89146800,1000000,891468,1.00000000,False,76.00000000
SBS10a,C>T,0.38051661,0.89323200,1000000,893232,1.00000000,False,77.00000000
SBS7b,C>T,0.38642644,0.90196100,1000000,901961,1.00000000,False,78.00000000
SBS84,C>T,0.41241043,0.93385300,1000000,933853,1.00000000,False,79.00000000
SBS91,C>T,0.42972909,0.95004200,1000000,950042,1.00000000,False,80.00000000
SBS43,C>T,0.45567738,0.96811500,1000000,968115,1.00000000,False,81.00000000
SBS99,C>T,0.46215689,0.97165900,1000000,971659,1.00000000,False,82.00000000
SBS7d,C>T,0.49670908,0.98570500,1000000,985705,1.00000000,False,83.00000000
SBS7a,C>T,0.55279421,0.99615200,1000000,996152,1.00000000,False,84.00000000
SBS10b,C>T,0.66964397,0.99990400,1000000,999904,1.00000000,False,85.00000000
SBS2,C>T,0.73140948,0.99999500,1000000,999995,1.00000000,False,86.00000000
SBS31,T>A,0.07389810,0.01240100,1000000,12401,0.41558104,False,1.00000000
SBS30,T>A,0.07499152,0.01314000,1000000,13140,0.41558104,False,2.00000000
SBS52,T>A,0.08115030,0.01781500,1000000,17815,0.41558104,False,3.00000000
SBS96,T>A,0.08340426,0.01971800,1000000,19718,0.41558104,False,4.00000000
SBS5,T>A,0.08603581,0.02212000,1000000,22120,0.41558104,False,5.00000000
SBS8,T>A,0.09021561,0.02642300,1000000,26423,0.41558104,False,6.00000000
SBS19,T>A,0.09994439,0.03829000,1000000,38290,0.41558104,False,7.00000000
SBS53,T>A,0.10233876,0.04163200,1000000,41632,0.41558104,False,8.00000000
SBS95,T>A,0.10358550,0.04353600,1000000,43536,0.41558104,False,9.00000000
SBS36,T>A,0.10582770,0.04702400,1000000,47024,0.41558104,False,10.00000000
SBS3,T>A,0.10665069,0.04835500,1000000,48355,0.41558104,False,11.00000000
SBS40a,T>A,0.10827146,0.05095200,1000000,50952,0.41558104,False,12.00000000
SBS89,T>A,0.10882706,0.05189000,1000000,51890,0.41558104,False,13.00000000
SBS4,T>A,0.10942160,0.05283900,1000000,52839,0.41558104,False,14.00000000
SBS12,T>A,0.11026481,0.05424300,1000000,54243,0.41558104,False,15.00000000
SBS98,T>A,0.11043500,0.05453400,1000000,54534,0.41558104,False,16.00000000
SBS45,T>A,0.11059213,0.05482000,1000000,54820,0.41558104,False,17.00000000
SBS92,T>A,0.11470361,0.06201500,1000000,62015,0.41558104,False,18.00000000
SBS24,T>A,0.11662246,0.06563800,1000000,65638,0.41705139,False,19.00000000
SBS37,T>A,0.12008825,0.07245600,1000000,72456,0.41705139,False,20.00000000
SBS39,T>A,0.12070865,0.07372500,1000000,73725,0.41705139,False,21.00000000
SBS42,T>A,0.12170437,0.07582000,1000000,75820,0.42067871,False,22.00000000
SBS11,T>A,0.13663205,0.11083600,1000000,110836,0.49425238,False,23.00000000
SBS29,T>A,0.13786258,0.11411200,1000000,114112,0.49480497,False,24.00000000
SBS40c,T>A,0.14148028,0.12381900,1000000,123819,0.52065638,False,25.00000000
SBS38,T>A,0.14230904,0.12612800,1000000,126128,0.52065638,False,26.00000000
SBS48,T>A,0.14391320,0.13057500,1000000,130575,0.53473571,False,27.00000000
SBS97,T>A,0.14588370,0.13625500,1000000,136255,0.54489600,False,28.00000000
SBS40b,T>A,0.15231410,0.15550700,1000000,155507,0.56097800,False,29.00000000
SBS26,T>A,0.15401605,0.16095200,1000000,160952,0.56097800,False,30.00000000
SBS22a,T>A,0.15978705,0.17944900,1000000,179449,0.57417900,False,31.00000000
SBS94,T>A,0.16118023,0.18414300,1000000,184143,0.57586538,False,32.00000000
SBS54,T>A,0.16340751,0.19167500,1000000,191675,0.58871607,False,33.00000000
SBS16,T>A,0.16878608,0.21055600,1000000,210556,0.60923065,False,34.00000000
SBS57,T>A,0.17257569,0.22428500,1000000,224285,0.61729825,False,35.00000000
SBS50,T>A,0.17464501,0.23186900,1000000,231869,0.61729825,False,36.00000000
SBS59,T>A,0.17922137,0.24875400,1000000,248754,0.64178532,False,37.00000000
SBS93,T>A,0.18042425,0.25342000,1000000,253420,0.64401353,False,38.00000000
SBS46,T>A,0.18666003,0.27725900,1000000,277259,0.67483794,False,39.00000000
SBS86,T>A,0.19099794,0.29426000,1000000,294260,0.69140761,False,40.00000000
SBS25,T>A,0.19191008,0.29776300,1000000,297763,0.69140761,False,41.00000000
SBS55,T>A,0.19839705,0.32362400,1000000,323624,0.71363241,False,42.00000000
SBS22b,T>A,0.19888759,0.32555700,1000000,325557,0.71484005,False,43.00000000
SBS49,T>A,0.20390907,0.34628200,1000000,346282,0.74141706,False,44.00000000
SBS87,T>A,0.20848017,0.36497000,1000000,364970,0.75937306,False,45.00000000
SBS35,T>A,0.21437020,0.38920400,1000000,389204,0.78777619,False,46.00000000
SBS14,T>A,0.21787082,0.40367100,1000000,403671,0.80422485,False,47.00000000
SBS28,T>A,0.21932819,0.40974700,1000000,409747,0.81007453,False,48.00000000
SBS21,T>A,0.22470409,0.43162900,1000000,431629,0.83415942,False,49.00000000
SBS51,T>A,0.22635333,0.43836000,1000000,438360,0.83782016,False,50.00000000
SBS43,T>A,0.22979380,0.45270100,1000000,452701,0.84177910,False,51.00000000
SBS17a,T>A,0.24300400,0.50603300,1000000,506033,0.90302669,False,52.00000000
SBS58,T>A,0.25072988,0.53690600,1000000,536906,0.92565943,False,53.00000000
SBS18,T>A,0.26246769,0.58211600,1000000,582116,0.96894147,False,54.00000000
SBS7a,T>A,0.26507269,0.59168900,1000000,591689,0.97117097,False,55.00000000
SBS85,T>A,0.27392946,0.62391500,1000000,623915,1.00000000,False,56.00000000
SBS7b,T>A,0.28039587,0.64677700,1000000,646777,1.00000000,False,57.00000000
SBS13,T>A,0.29565694,0.69735400,1000000,697354,1.00000000,False,58.00000000
SBS2,T>A,0.31318131,0.74997500,1000000,749975,1.00000000,False,59.00000000
SBS9,T>A,0.31600446,0.75775200,1000000,757752,1.00000000,False,60.00000000
SBS60,T>A,0.32858171,0.79057900,1000000,790579,1.00000000,False,61.00000000
SBS32,T>A,0.34138398,0.82071300,1000000,820713,1.00000000,False,62.00000000
SBS33,T>A,0.36329029,0.86469600,1000000,864696,1.00000000,False,63.00000000
SBS88,T>A,0.38033491,0.89295000,1000000,892950,1.00000000,False,64.00000000
SBS17b,T>A,0.38726558,0.90313800,1000000,903138,1.00000000,False,65.00000000
SBS91,T>A,0.38735535,0.90326300,1000000,903263,1.00000000,False,66.00000000
SBS7c,T>A,0.38806391,0.90422600,1000000,904226,1.00000000,False,67.00000000
SBS15,T>A,0.41727394,0.93878900,1000000,938789,1.00000000,False,68.00000000
SBS1,T>A,0.41897614,0.94037100,1000000,940371,1.00000000,False,69.00000000
SBS23,T>A,0.42569809,0.94665300,1000000,946653,1.00000000,False,70.00000000
SBS6,T>A,0.44035245,0.95819000,1000000,958190,1.00000000,False,71.00000000
SBS10b,T>A,0.44364522,0.96051600,1000000,960516,1.00000000,False,72.00000000
SBS10d,T>A,0.44526821,0.96161200,1000000,961612,1.00000000,False,73.00000000
SBS47,T>A,0.46218589,0.97167700,1000000,971677,1.00000000,False,74.00000000
SBS34,T>A,0.46301682,0.97212200,1000000,972122,1.00000000,False,75.00000000
SBS99,T>A,0.46523019,0.97322600,1000000,973226,1.00000000,False,76.00000000
SBS27,T>A,0.46763689,0.97450800,1000000,974508,1.00000000,False,77.00000000
SBS41,T>A,0.48003412,0.97990900,1000000,979909,1.00000000,False,78.00000000
SBS10c,T>A,0.49158430,0.98405300,1000000,984053,1.00000000,False,79.00000000
SBS84,T>A,0.51433424,0.99022400,1000000,990224,1.00000000,False,80.00000000
SBS56,T>A,0.52897549,0.99307600,1000000,993076,1.00000000,False,81.00000000
SBS44,T>A,0.52942830,0.99314900,1000000,993149,1.00000000,False,82.00000000
SBS7d,T>A,0.56319790,0.99707300,1000000,997073,1.00000000,False,83.00000000
SBS20,T>A,0.59879462,0.99898500,1000000,998985,1.00000000,False,84.00000000
SBS90,T>A,0.62478097,0.99954200,1000000,999542,1.00000000,False,85.00000000
SBS10a,T>A,0.65409547,0.99983400,1000000,999834,1.00000000,False,86.00000000
SBS31,T>C,0.06598671,0.00792600,1000000,7926,0.41558104,False,1.00000000
SBS27,T>C,0.06691075,0.00836900,1000000,8369,0.41558104,False,2.00000000
SBS35,T>C,0.06700705,0.00841500,1000000,8415,0.41558104,False,3.00000000
SBS29,T>C,0.07214502,0.01127300,1000000,11273,0.41558104,False,4.00000000
SBS40c,T>C,0.07298327,0.01177600,1000000,11776,0.41558104,False,5.00000000
SBS57,T>C,0.07938114,0.01640800,1000000,16408,0.41558104,False,6.00000000
SBS97,T>C,0.08327319,0.01961900,1000000,19619,0.41558104,False,7.00000000
SBS6,T>C,0.08505634,0.02121800,1000000,21218,0.41558104,False,8.00000000
SBS24,T>C,0.08571613,0.02183500,1000000,21835,0.41558104,False,9.00000000
SBS4,T>C,0.08846475,0.02457300,1000000,24573,0.41558104,False,10.00000000
SBS53,T>C,0.08910401,0.02525600,1000000,25256,0.41558104,False,11.00000000
SBS26,T>C,0.09105403,0.02736800,1000000,27368,0.41558104,False,12.00000000
SBS42,T>C,0.09312812,0.02970800,1000000,29708,0.41558104,False,13.00000000
SBS5,T>C,0.09346817,0.03011800,1000000,30118,0.41558104,False,14.00000000
SBS10c,T>C,0.10023200,0.03867400,1000000,38674,0.41558104,False,15.00000000
SBS96,T>C,0.10058946,0.03918700,1000000,39187,0.41558104,False,16.00000000
SBS39,T>C,0.10354543,0.04347100,1000000,43471,0.41558104,False,17.00000000
SBS25,T>C,0.10560714,0.04666600,1000000,46666,0.41558104,False,18.00000000
SBS9,T>C,0.10892474,0.05204800,1000000,52048,0.41558104,False,19.00000000
SBS10d,T>C,0.10909946,0.05232400,1000000,52324,0.41558104,False,20.00000000
SBS20,T>C,0.11022269,0.05416900,1000000,54169,0.41558104,False,21.00000000
SBS89,T>C,0.11155131,0.05646600,1000000,56466,0.41558104,False,22.00000000
SBS46,T>C,0.11333015,0.05952200,1000000,59522,0.41558104,False,23.00000000
SBS91,T>C,0.11373421,0.06025400,1000000,60254,0.41558104,False,24.00000000
SBS45,T>C,0.11420444,0.06108100,1000000,61081,0.41558104,False,25.00000000
SBS23,T>C,0.11435068,0.06136100,1000000,61361,0.41558104,False,26.00000000
SBS36,T>C,0.11836238,0.06903800,1000000,69038,0.41705139,False,27.00000000
SBS38,T>C,0.11872753,0.06972100,1000000,69721,0.41705139,False,28.00000000
SBS98,T>C,0.12035111,0.07295300,1000000,72953,0.41705139,False,29.00000000
SBS3,T>C,0.12047551,0.07319000,1000000,73190,0.41705139,False,30.00000000
SBS30,T>C,0.12761897,0.08884700,1000000,88847,0.45931224,False,31.00000000
SBS14,T>C,0.12960113,0.09345100,1000000,93451,0.47275212,False,32.00000000
SBS95,T>C,0.13214984,0.09952700,1000000,99527,0.47746729,False,33.00000000
SBS12,T>C,0.13522002,0.10714300,1000000,107143,0.48496305,False,34.00000000
SBS44,T>C,0.14648691,0.13800600,1000000,138006,0.54489600,False,35.00000000
SBS58,T>C,0.14815607,0.14303400,1000000,143034,0.54739632,False,36.00000000
SBS59,T>C,0.15060231,0.15033300,1000000,150333,0.56097800,False,37.00000000
SBS52,T>C,0.15222504,0.15521100,1000000,155211,0.56097800,False,38.00000000
SBS40b,T>C,0.15563961,0.16604900,1000000,166049,0.56097800,False,39.00000000
SBS49,T>C,0.15647503,0.16865600,1000000,168656,0.56097800,False,40.00000000
SBS40a,T>C,0.15873942,0.17597300,1000000,175973,0.57108219,False,41.00000000
SBS11,T>C,0.16042194,0.18159200,1000000,181592,0.57417900,False,42.00000000
SBS37,T>C,0.16069566,0.18249100,1000000,182491,0.57417900,False,43.00000000
SBS19,T>C,0.16173311,0.18598400,1000000,185984,0.57811894,False,44.00000000
SBS47,T>C,0.16470965,0.19621800,1000000,196218,0.59317200,False,45.00000000
SBS92,T>C,0.16479276,0.19650800,1000000,196508,0.59317200,False,46.00000000
SBS28,T>C,0.16554239,0.19906600,1000000,199066,0.59339703,False,47.00000000
SBS18,T>C,0.16751241,0.20609300,1000000,206093,0.60422720,False,48.00000000
SBS56,T>C,0.17343229,0.22735300,1000000,227353,0.61729825,False,49.00000000
SBS60,T>C,0.17446838,0.23117900,1000000,231179,0.61729825,False,50.00000000
SBS51,T>C,0.17741122,0.24202200,1000000,242022,0.62755453,False,51.00000000
SBS8,T>C,0.19076687,0.29337500,1000000,293375,0.69140761,False,52.00000000
SBS94,T>C,0.19606616,0.31433800,1000000,314338,0.70215761,False,53.00000000
SBS54,T>C,0.19998033,0.33004700,1000000,330047,0.71858334,False,54.00000000
SBS22a,T>C,0.20710042,0.35929300,1000000,359293,0.75058781,False,55.00000000
SBS10a,T>C,0.21308020,0.38388100,1000000,383881,0.78777619,False,56.00000000
SBS48,T>C,0.22295969,0.42455200,1000000,424552,0.82667484,False,57.00000000
SBS86,T>C,0.22680357,0.44022200,1000000,440222,0.83782016,False,58.00000000
SBS34,T>C,0.22781356,0.44442700,1000000,444427,0.83782016,False,59.00000000
SBS22b,T>C,0.22925400,0.45046300,1000000,450463,0.84177910,False,60.00000000
SBS87,T>C,0.23039035,0.45514800,1000000,455148,0.84177910,False,61.00000000
SBS50,T>C,0.25127615,0.53907300,1000000,539073,0.92565943,False,62.00000000
SBS16,T>C,0.25956469,0.57104300,1000000,571043,0.96293525,False,63.00000000
SBS13,T>C,0.28557132,0.66449100,1000000,664491,1.00000000,False,64.00000000
SBS41,T>C,0.29428276,0.69303000,1000000,693030,1.00000000,False,65.00000000
SBS85,T>C,0.29682373,0.70110800,1000000,701108,1.00000000,False,66.00000000
SBS15,T>C,0.29726529,0.70254400,1000000,702544,1.00000000,False,67.00000000
SBS1,T>C,0.30156147,0.71596300,1000000,715963,1.00000000,False,68.00000000
SBS17a,T>C,0.30288683,0.71997800,1000000,719978,1.00000000,False,69.00000000
SBS17b,T>C,0.31500596,0.75505200,1000000,755052,1.00000000,False,70.00000000
SBS7a,T>C,0.33402863,0.80386300,1000000,803863,1.00000000,False,71.00000000
SBS93,T>C,0.34978090,0.83861900,1000000,838619,1.00000000,False,72.00000000
SBS43,T>C,0.35957692,0.85789200,1000000,857892,1.00000000,False,73.00000000
SBS7b,T>C,0.36973799,0.87603600,1000000,876036,1.00000000,False,74.00000000
SBS55,T>C,0.37097060,0.87809300,1000000,878093,1.00000000,False,75.00000000
SBS2,T>C,0.37705677,0.88789500,1000000,887895,1.00000000,False,76.00000000
SBS88,T>C,0.39748766,0.91667000,1000000,916670,1.00000000,False,77.00000000
SBS32,T>C,0.39989062,0.91966400,1000000,919664,1.00000000,False,78.00000000
SBS33,T>C,0.40603342,0.92696000,1000000,926960,1.00000000,False,79.00000000
SBS90,T>C,0.43184516,0.95174200,1000000,951742,1.00000000,False,80.00000000
SBS21,T>C,0.44060972,0.95836900,1000000,958369,1.00000000,False,81.00000000
SBS10b,T>C,0.48474184,0.98169100,1000000,981691,1.00000000,False,82.00000000
SBS99,T>C,0.48875198,0.98312500,1000000,983125,1.00000000,False,83.00000000
SBS7c,T>C,0.49486001,0.98508800,1000000,985088,1.00000000,False,84.00000000
SBS84,T>C,0.51458391,0.99027800,1000000,990278,1.00000000,False,85.00000000
SBS7d,T>C,0.61597022,0.99939700,1000000,999397,1.00000000,False,86.00000000
SBS19,T>G,0.08956861,0.02572700,1000000,25727,0.41558104,False,1.00000000
SBS36,T>G,0.09006567,0.02626000,1000000,26260,0.41558104,False,2.00000000
SBS49,T>G,0.09558862,0.03261900,1000000,32619,0.41558104,False,3.00000000
SBS53,T>G,0.09578874,0.03288100,1000000,32881,0.41558104,False,4.00000000
SBS96,T>G,0.10622692,0.04764800,1000000,47648,0.41558104,False,5.00000000
SBS5,T>G,0.11076240,0.05510400,1000000,55104,0.41558104,False,6.00000000
SBS8,T>G,0.11124273,0.05591400,1000000,55914,0.41558104,False,7.00000000
SBS40c,T>G,0.11949915,0.07122900,1000000,71229,0.41705139,False,8.00000000
SBS24,T>G,0.12050348,0.07324300,1000000,73243,0.41705139,False,9.00000000
SBS18,T>G,0.12102400,0.07435800,1000000,74358,0.41705139,False,10.00000000
SBS12,T>G,0.12769303,0.08901400,1000000,89014,0.45931224,False,11.00000000
SBS33,T>G,0.13213505,0.09949900,1000000,99499,0.47746729,False,12.00000000
SBS31,T>G,0.13263156,0.10074200,1000000,100742,0.47746729,False,13.00000000
SBS3,T>G,0.13272277,0.10095700,1000000,100957,0.47746729,False,14.00000000
SBS95,T>G,0.13286915,0.10132300,1000000,101323,0.47746729,False,15.00000000
SBS35,T>G,0.13673533,0.11111100,1000000,111111,0.49425238,False,16.00000000
SBS39,T>G,0.13914485,0.11750200,1000000,117502,0.50525860,False,17.00000000
SBS52,T>G,0.14785543,0.14213600,1000000,142136,0.54739632,False,18.00000000
SBS85,T>G,0.14831317,0.14349900,1000000,143499,0.54739632,False,19.00000000
SBS94,T>G,0.14856177,0.14427500,1000000,144275,0.54739632,False,20.00000000
SBS26,T>G,0.14926878,0.14637400,1000000,146374,0.55130645,False,21.00000000
SBS16,T>G,0.15136965,0.15265100,1000000,152651,0.56097800,False,22.00000000
SBS98,T>G,0.15594612,0.16700000,1000000,167000,0.56097800,False,23.00000000
SBS46,T>G,0.15650758,0.16876200,1000000,168762,0.56097800,False,24.00000000
SBS48,T>G,0.16046412,0.18173000,1000000,181730,0.57417900,False,25.00000000
SBS40a,T>G,0.16060427,0.18217000,1000000,182170,0.57417900,False,26.00000000
SBS97,T>G,0.16297071,0.19019200,1000000,190192,0.58765911,False,27.00000000
SBS45,T>G,0.16515384,0.19772400,1000000,197724,0.59317200,False,28.00000000
SBS4,T>G,0.16908298,0.21158300,1000000,211583,0.60923065,False,29.00000000
SBS22b,T>G,0.17144833,0.22014500,1000000,220145,0.61729825,False,30.00000000
SBS32,T>G,0.17157988,0.22064500,1000000,220645,0.61729825,False,31.00000000
SBS89,T>G,0.17451454,0.23136700,1000000,231367,0.61729825,False,32.00000000
SBS87,T>G,0.17976655,0.25085600,1000000,250856,0.64398854,False,33.00000000
SBS51,T>G,0.18019294,0.25253700,1000000,252537,0.64401353,False,34.00000000
SBS38,T>G,0.18073546,0.25461000,1000000,254610,0.64401353,False,35.00000000
SBS40b,T>G,0.18452198,0.26900600,1000000,269006,0.66463516,False,36.00000000
SBS57,T>G,0.18458454,0.26920300,1000000,269203,0.66463516,False,37.00000000
SBS37,T>G,0.18999140,0.29033400,1000000,290334,0.69140761,False,38.00000000
SBS7b,T>G,0.19214831,0.29873900,1000000,298739,0.69140761,False,39.00000000
SBS2,T>G,0.19392030,0.30583800,1000000,305838,0.70200230,False,40.00000000
SBS60,T>G,0.19676871,0.31710600,1000000,317106,0.70226050,False,41.00000000
SBS42,T>G,0.20230531,0.33960400,1000000,339604,0.73628430,False,42.00000000
SBS92,T>G,0.20296059,0.34226500,1000000,342265,0.73894870,False,43.00000000
SBS59,T>G,0.20612850,0.35536000,1000000,355360,0.75058781,False,44.00000000
SBS25,T>G,0.21275709,0.38252300,1000000,382523,0.78777619,False,45.00000000
SBS1,T>G,0.21398411,0.38757500,1000000,387575,0.78777619,False,46.00000000
SBS86,T>G,0.21615649,0.39655200,1000000,396552,0.79619001,False,47.00000000
SBS29,T>G,0.21907260,0.40867800,1000000,408678,0.81007453,False,48.00000000
SBS11,T>G,0.23231466,0.46290300,1000000,462903,0.84701400,False,49.00000000
SBS34,T>G,0.24336294,0.50751500,1000000,507515,0.90302669,False,50.00000000
SBS9,T>G,0.24426207,0.51107300,1000000,511073,0.90312900,False,51.00000000
SBS6,T>G,0.25127399,0.53906600,1000000,539066,0.92565943,False,52.00000000
SBS22a,T>G,0.25638433,0.55883500,1000000,558835,0.95167941,False,53.00000000
SBS7a,T>G,0.26538349,0.59286600,1000000,592866,0.97117097,False,54.00000000
SBS84,T>G,0.28195859,0.65209600,1000000,652096,1.00000000,False,55.00000000
SBS58,T>G,0.29631364,0.69942300,1000000,699423,1.00000000,False,56.00000000
SBS93,T>G,0.29875806,0.70718200,1000000,707182,1.00000000,False,57.00000000
SBS43,T>G,0.30953109,0.73944400,1000000,739444,1.00000000,False,58.00000000
SBS55,T>G,0.32375216,0.77833400,1000000,778334,1.00000000,False,59.00000000
SBS7c,T>G,0.33180305,0.79853000,1000000,798530,1.00000000,False,60.00000000
SBS28,T>G,0.33278956,0.80095000,1000000,800950,1.00000000,False,61.00000000
SBS10c,T>G,0.33707371,0.81093000,1000000,810930,1.00000000,False,62.00000000
SBS27,T>G,0.33790585,0.81284100,1000000,812841,1.00000000,False,63.00000000
SBS88,T>G,0.33952180,0.81652800,1000000,816528,1.00000000,False,64.00000000
SBS30,T>G,0.34682182,0.83243300,1000000,832433,1.00000000,False,65.00000000
SBS91,T>G,0.35618947,0.85152700,1000000,851527,1.00000000,False,66.00000000
SBS10d,T>G,0.35673960,0.85263500,1000000,852635,1.00000000,False,67.00000000
SBS7d,T>G,0.36591516,0.86942500,1000000,869425,1.00000000,False,68.00000000
SBS41,T>G,0.36646776,0.87044400,1000000,870444,1.00000000,False,69.00000000
SBS15,T>G,0.36830117,0.87357300,1000000,873573,1.00000000,False,70.00000000
SBS21,T>G,0.37052502,0.87735300,1000000,877353,1.00000000,False,71.00000000
SBS54,T>G,0.37830176,0.88981500,1000000,889815,1.00000000,False,72.00000000
SBS14,T>G,0.43780830,0.95629200,1000000,956292,1.00000000,False,73.00000000
SBS10a,T>G,0.48339384,0.98120700,1000000,981207,1.00000000,False,74.00000000
SBS13,T>G,0.49201469,0.98421500,1000000,984215,1.00000000,False,75.00000000
SBS50,T>G,0.49617512,0.98551800,1000000,985518,1.00000000,False,76.00000000
SBS44,T>G,0.51007899,0.98929600,1000000,989296,1.00000000,False,77.00000000
SBS90,T>G,0.52456121,0.99230600,1000000,992306,1.00000000,False,78.00000000
SBS10b,T>G,0.53964895,0.99462300,1000000,994623,1.00000000,False,79.00000000
SBS17b,T>G,0.54919006,0.99577800,1000000,995778,1.00000000,False,80.00000000
SBS17a,T>G,0.55653576,0.99648900,1000000,996489,1.00000000,False,81.00000000
SBS20,T>G,0.56725853,0.99739700,1000000,997397,1.00000000,False,82.00000000
SBS47,T>G,0.59842224,0.99897600,1000000,998976,1.00000000,False,83.00000000
SBS56,T>G,0.60337943,0.99909900,1000000,999099,1.00000000,False,84.00000000
SBS23,T>G,0.68955008,0.99996600,1000000,999966,1.00000000,False,85.00000000
SBS99,T>G,0.83839665,1.00000000,1000000,1000000,1.00000000,False,86.00000000
