Signature,Substitution_Type,JSD,p_value,Null_N,Count_Leq,q_value,Pass_FDR
SBS87,C>A,0.06852172,0.00319200,1000000,3192,0.03565775,True
SBS25,C>T,0.03809810,0.00011900,1000000,119,0.00851400,True
SBS96,C>T,0.04137452,0.00017900,1000000,179,0.00851400,True
SBS52,C>T,0.04179864,0.00018500,1000000,185,0.00851400,True
SBS37,C>T,0.04232876,0.00019800,1000000,198,0.00851400,True
SBS93,C>T,0.04292450,0.00022000,1000000,220,0.00873231,True
SBS18,C>T,0.04405601,0.00026400,1000000,264,0.00908160,True
SBS39,C>T,0.05171194,0.00067800,1000000,678,0.01521078,True
SBS41,C>T,0.06002474,0.00155200,1000000,1552,0.02488941,True
SBS36,C>T,0.06898657,0.00331700,1000000,3317,0.03565775,True
SBS38,C>T,0.07344144,0.00466700,1000000,4667,0.04459578,True
SBS92,T>A,0.02459995,0.00000700,1000000,7,0.00361200,True
SBS42,T>A,0.03244942,0.00004300,1000000,43,0.00554700,True
SBS52,T>A,0.03381947,0.00006000,1000000,60,0.00619200,True
SBS39,T>A,0.05926834,0.00145800,1000000,1458,0.02488941,True
SBS37,T>A,0.06055089,0.00163500,1000000,1635,0.02488941,True
SBS4,T>A,0.06231610,0.00191500,1000000,1915,0.02744833,True
SBS98,T>A,0.06596114,0.00259800,1000000,2598,0.03217629,True
SBS36,T>A,0.06606042,0.00261900,1000000,2619,0.03217629,True
SBS87,T>A,0.06661406,0.00273900,1000000,2739,0.03286800,True
SBS5,T>A,0.06728524,0.00289200,1000000,2892,0.03391527,True
SBS19,T>A,0.06897339,0.00331400,1000000,3314,0.03565775,True
SBS86,T>A,0.07018613,0.00367300,1000000,3673,0.03867894,True
SBS25,T>A,0.07068386,0.00383000,1000000,3830,0.03952560,True
SBS29,T>A,0.07484266,0.00519800,1000000,5198,0.04644000,True
SBS95,T>A,0.07496717,0.00525800,1000000,5258,0.04644000,True
SBS53,T>A,0.07542422,0.00544300,1000000,5443,0.04644000,True
SBS89,T>C,0.02770823,0.00001900,1000000,19,0.00481600,True
SBS26,T>C,0.03031119,0.00002800,1000000,28,0.00481600,True
SBS10c,T>C,0.03892008,0.00013900,1000000,139,0.00851400,True
SBS5,T>C,0.04202684,0.00019400,1000000,194,0.00851400,True
SBS6,T>C,0.04395914,0.00025700,1000000,257,0.00908160,True
SBS44,T>C,0.04860646,0.00047400,1000000,474,0.01438729,True
SBS98,T>C,0.04920915,0.00051600,1000000,516,0.01444800,True
SBS25,T>C,0.05063702,0.00061000,1000000,610,0.01521078,True
SBS40b,T>C,0.05101759,0.00063400,1000000,634,0.01521078,True
SBS42,T>C,0.05686664,0.00117500,1000000,1175,0.02338014,True
SBS36,T>C,0.05735016,0.00122700,1000000,1227,0.02338014,True
SBS12,T>C,0.05791016,0.00129200,1000000,1292,0.02338014,True
SBS3,T>C,0.06021588,0.00158000,1000000,1580,0.02488941,True
SBS4,T>C,0.06058713,0.00164000,1000000,1640,0.02488941,True
SBS10d,T>C,0.06278212,0.00197000,1000000,1970,0.02747351,True
SBS39,T>C,0.06499845,0.00237300,1000000,2373,0.03156862,True
SBS40a,T>C,0.06507948,0.00238600,1000000,2386,0.03156862,True
SBS24,T>C,0.07245703,0.00434600,1000000,4346,0.04312569,True
SBS97,T>C,0.07293954,0.00450300,1000000,4503,0.04384053,True
SBS40c,T>C,0.07503172,0.00528900,1000000,5289,0.04644000,True
SBS92,T>C,0.07556910,0.00549000,1000000,5490,0.04644000,True
SBS92,T>G,0.04119699,0.00017600,1000000,176,0.00851400,True
SBS52,T>G,0.04549521,0.00031800,1000000,318,0.01025550,True
SBS94,T>G,0.04952437,0.00053200,1000000,532,0.01444800,True
SBS97,T>G,0.05144791,0.00066100,1000000,661,0.01521078,True
SBS36,T>G,0.05535476,0.00100900,1000000,1009,0.02169350,True
SBS3,T>G,0.05750061,0.00124500,1000000,1245,0.02338014,True
SBS49,T>G,0.05813815,0.00131400,1000000,1314,0.02338014,True
SBS53,T>G,0.06166963,0.00182000,1000000,1820,0.02683200,True
SBS4,T>G,0.06593155,0.00259100,1000000,2591,0.03217629,True
SBS98,T>G,0.06784976,0.00303400,1000000,3034,0.03478987,True
SBS35,T>G,0.07195541,0.00418500,1000000,4185,0.04234235,True
SBS96,T>G,0.07519057,0.00535300,1000000,5353,0.04644000,True
SBS87,T>G,0.07542142,0.00544200,1000000,5442,0.04644000,True
